meterpoint,1682560825
meterpoint,1682561693
contel,1682562050
contel,1682562674
meterpoint,1682563092
meterpoint,1682563610
meterpoint,1682564689
meterpoint,1682565599
meterpoint,1682566535
meterpoint,1682567661
dev01,1682567953
meterpoint,1682568583
10441,1682568853
meterpoint,1682569869
meterpoint,1682570841
10441,1682571222
emails,1682571637
emails,1682571751
10441,1682572483
10441,1682572662
dev meet,1682573528
dev meet,1682573608
dev meet,1682574532
10441,1682575381
10441,1682575743
meterpoint,1682576032
meterpoint,1682576688
meterpoint,1682577632
meterpoint,1682578557
10441,1682579481
